Nivel1;Nivel2;Nivel3;URL;NumArticulos;UltActualizacion
Navidad;Navidad;Turrón blando;https://www.gadisline.com/listado-de-productos/?idListProd=101005;0;05/11/2019 01:51:44
Navidad;Navidad;Turrón duro/tortas;https://www.gadisline.com/listado-de-productos/?idListProd=101011;0;05/11/2019 01:51:44
Navidad;Navidad;Turrón chocolate/trufados;https://www.gadisline.com/listado-de-productos/?idListProd=101012;0;05/11/2019 01:51:44
Navidad;Navidad;Trufas chocolate;https://www.gadisline.com/listado-de-productos/?idListProd=101013;0;05/11/2019 01:51:44
Navidad;Navidad;Turrón fruta/yema/guirlache;https://www.gadisline.com/listado-de-productos/?idListProd=101014;0;05/11/2019 01:51:44
Navidad;Navidad;Especialidades/mazapán;https://www.gadisline.com/listado-de-productos/?idListProd=101015;0;05/11/2019 01:51:44
Navidad;Navidad;Mantecados/polvor./hojald.;https://www.gadisline.com/listado-de-productos/?idListProd=101016;0;05/11/2019 01:51:44
Navidad;Navidad;Peladillas/piñones/almend.rellenas;https://www.gadisline.com/listado-de-productos/?idListProd=101017;0;05/11/2019 01:51:44
Navidad;Navidad;Panettones;https://www.gadisline.com/listado-de-productos/?idListProd=101010;0;05/11/2019 01:51:44
Navidad;Navidad;Resto artículos navidad;https://www.gadisline.com/listado-de-productos/?idListProd=101018;0;05/11/2019 01:51:44
Ultramarinos;Azúcar / edulcorantes;Azúcar;https://www.gadisline.com/listado-de-productos/?idListProd=111010;0;05/11/2019 01:51:44
Ultramarinos;Azúcar / edulcorantes;Edulcorantes;https://www.gadisline.com/listado-de-productos/?idListProd=111011;0;05/11/2019 01:51:44
Ultramarinos;Mermeladas / miel;Confituras;https://www.gadisline.com/listado-de-productos/?idListProd=111111;0;05/11/2019 01:51:44
Ultramarinos;Mermeladas / miel;Mermeladas;https://www.gadisline.com/listado-de-productos/?idListProd=111110;0;05/11/2019 01:51:44
Ultramarinos;Mermeladas / miel;Polen / miel;https://www.gadisline.com/listado-de-productos/?idListProd=111112;0;05/11/2019 01:51:44
Ultramarinos;Chocolates/bombones;Cremas de cacao;https://www.gadisline.com/listado-de-productos/?idListProd=111217;0;05/11/2019 01:51:44
Ultramarinos;Chocolates/bombones;Chocolate con leche;https://www.gadisline.com/listado-de-productos/?idListProd=111210;0;05/11/2019 01:51:44
Ultramarinos;Chocolates/bombones;Chocolate sin leche;https://www.gadisline.com/listado-de-productos/?idListProd=111211;0;05/11/2019 01:51:44
Ultramarinos;Chocolates/bombones;Chocolate blanco;https://www.gadisline.com/listado-de-productos/?idListProd=111212;0;05/11/2019 01:51:44
Ultramarinos;Chocolates/bombones;Chocolate con frutos secos;https://www.gadisline.com/listado-de-productos/?idListProd=111213;0;05/11/2019 01:51:44
Ultramarinos;Chocolates/bombones;Chocolate a la taza;https://www.gadisline.com/listado-de-productos/?idListProd=111214;0;05/11/2019 01:51:44
Ultramarinos;Chocolates/bombones;Chocolate relleno;https://www.gadisline.com/listado-de-productos/?idListProd=111215;0;05/11/2019 01:51:44
Ultramarinos;Chocolates/bombones;Chocolatinas / especialidades;https://www.gadisline.com/listado-de-productos/?idListProd=111216;0;05/11/2019 01:51:44
Ultramarinos;Chocolates/bombones;Bombones;https://www.gadisline.com/listado-de-productos/?idListProd=111218;0;05/11/2019 01:51:44
Ultramarinos;Caramelos / chicles;Caramelos blandos;https://www.gadisline.com/listado-de-productos/?idListProd=111310;62;11/11/2019 01:39:48
Ultramarinos;Caramelos / chicles;Caramelos duros;https://www.gadisline.com/listado-de-productos/?idListProd=111311;68;11/11/2019 01:40:04
Ultramarinos;Caramelos / chicles;Chicles;https://www.gadisline.com/listado-de-productos/?idListProd=111312;65;11/11/2019 01:40:20
Ultramarinos;Galletas / cereales;Barritas cereales;https://www.gadisline.com/listado-de-productos/?idListProd=111409;0;05/11/2019 01:51:44
Ultramarinos;Galletas / cereales;Cereales;https://www.gadisline.com/listado-de-productos/?idListProd=111410;0;05/11/2019 01:51:44
Ultramarinos;Galletas / cereales;Galletas maría;https://www.gadisline.com/listado-de-productos/?idListProd=111411;0;05/11/2019 01:51:44
Ultramarinos;Galletas / cereales;Galletas tostadas;https://www.gadisline.com/listado-de-productos/?idListProd=111412;0;05/11/2019 01:51:44
Ultramarinos;Galletas / cereales;Barquillos / vainillas;https://www.gadisline.com/listado-de-productos/?idListProd=111413;0;05/11/2019 01:51:45
Ultramarinos;Galletas / cereales;Rellenas y con chocolate;https://www.gadisline.com/listado-de-productos/?idListProd=111414;0;05/11/2019 01:51:45
Ultramarinos;Galletas / cereales;Surtidos / danesas;https://www.gadisline.com/listado-de-productos/?idListProd=111415;0;05/11/2019 01:51:45
Ultramarinos;Galletas / cereales;Bizcochos;https://www.gadisline.com/listado-de-productos/?idListProd=111416;0;05/11/2019 01:51:45
Ultramarinos;Galletas / cereales;Especialidades galleta;https://www.gadisline.com/listado-de-productos/?idListProd=111417;0;05/11/2019 01:51:45
Ultramarinos;Galletas / cereales;Galletas infantiles;https://www.gadisline.com/listado-de-productos/?idListProd=111418;0;05/11/2019 01:51:45
Ultramarinos;Galletas / cereales;Galletas salud / digestive;https://www.gadisline.com/listado-de-productos/?idListProd=111419;0;05/11/2019 01:51:45
Ultramarinos;Galletas / cereales;Galletas relieve;https://www.gadisline.com/listado-de-productos/?idListProd=111420;0;05/11/2019 01:51:45
Ultramarinos;Pastelería industrial;Bollería / pastelitos;https://www.gadisline.com/listado-de-productos/?idListProd=111510;0;05/11/2019 01:51:45
Ultramarinos;Pastelería industrial;Croissants / ensaimadas;https://www.gadisline.com/listado-de-productos/?idListProd=111511;0;05/11/2019 01:51:45
Ultramarinos;Pastelería industrial;Hojaldres / tortas;https://www.gadisline.com/listado-de-productos/?idListProd=111512;0;05/11/2019 01:51:45
Ultramarinos;Pastelería industrial;Magdalenas;https://www.gadisline.com/listado-de-productos/?idListProd=111518;0;05/11/2019 01:51:45
Ultramarinos;Pastelería industrial;Tarta / roscón / cake;https://www.gadisline.com/listado-de-productos/?idListProd=111515;0;05/11/2019 01:51:45
Ultramarinos;Pastelería industrial;Pastas / bizcochos;https://www.gadisline.com/listado-de-productos/?idListProd=111516;0;05/11/2019 01:51:45
Ultramarinos;Pastelería industrial;Sobaos;https://www.gadisline.com/listado-de-productos/?idListProd=111517;0;05/11/2019 01:51:45
Ultramarinos;Preparados para postres;Flan / caramelo;https://www.gadisline.com/listado-de-productos/?idListProd=111610;0;05/11/2019 01:51:45
Ultramarinos;Preparados para postres;Gelatinas / aromas;https://www.gadisline.com/listado-de-productos/?idListProd=111611;0;05/11/2019 01:51:45
Ultramarinos;Preparados para postres;Otros postres preparados;https://www.gadisline.com/listado-de-productos/?idListProd=111612;0;05/11/2019 01:51:45
Ultramarinos;Preparados para postres;Levadura;https://www.gadisline.com/listado-de-productos/?idListProd=111613;0;05/11/2019 01:51:45
Ultramarinos;Cafés / infusiones / cacaos;Café grano;https://www.gadisline.com/listado-de-productos/?idListProd=111710;0;05/11/2019 01:51:45
Ultramarinos;Cafés / infusiones / cacaos;Café molido;https://www.gadisline.com/listado-de-productos/?idListProd=111711;0;05/11/2019 01:51:45
Ultramarinos;Cafés / infusiones / cacaos;Café cápsulas;https://www.gadisline.com/listado-de-productos/?idListProd=111712;0;05/11/2019 01:51:45
Ultramarinos;Cafés / infusiones / cacaos;Café soluble;https://www.gadisline.com/listado-de-productos/?idListProd=111717;0;05/11/2019 01:51:45
Ultramarinos;Cafés / infusiones / cacaos;Achicoria / malta;https://www.gadisline.com/listado-de-productos/?idListProd=111713;0;05/11/2019 01:51:45
Ultramarinos;Cafés / infusiones / cacaos;Manzanilla / menta;https://www.gadisline.com/listado-de-productos/?idListProd=111714;0;05/11/2019 01:51:45
Ultramarinos;Cafés / infusiones / cacaos;Tila / té / especialidades;https://www.gadisline.com/listado-de-productos/?idListProd=111715;0;05/11/2019 01:51:45
Ultramarinos;Cafés / infusiones / cacaos;Cacao soluble / polvo;https://www.gadisline.com/listado-de-productos/?idListProd=111716;0;05/11/2019 01:51:45
Ultramarinos;Cafés / infusiones / cacaos;Cereales solubles;https://www.gadisline.com/listado-de-productos/?idListProd=111718;0;05/11/2019 01:51:45
Ultramarinos;Aceites / vinagres;Aceite oliva virgen;https://www.gadisline.com/listado-de-productos/?idListProd=111810;0;05/11/2019 01:51:45
Ultramarinos;Aceites / vinagres;Aceite oliva suave;https://www.gadisline.com/listado-de-productos/?idListProd=111811;0;05/11/2019 01:51:45
Ultramarinos;Aceites / vinagres;Aceite oliva intenso;https://www.gadisline.com/listado-de-productos/?idListProd=111812;0;05/11/2019 01:51:45
Ultramarinos;Aceites / vinagres;Aceite girasol;https://www.gadisline.com/listado-de-productos/?idListProd=111813;0;05/11/2019 01:51:45
Ultramarinos;Aceites / vinagres;Resto aceites;https://www.gadisline.com/listado-de-productos/?idListProd=111814;5;11/11/2019 01:39:01
Ultramarinos;Aceites / vinagres;Vinagres;https://www.gadisline.com/listado-de-productos/?idListProd=111815;0;05/11/2019 01:51:45
Ultramarinos;Salsas / especias / sal;Mayonesa;https://www.gadisline.com/listado-de-productos/?idListProd=111910;0;05/11/2019 01:51:45
Ultramarinos;Salsas / especias / sal;Ketchup / mostaza;https://www.gadisline.com/listado-de-productos/?idListProd=111911;0;05/11/2019 01:51:46
Ultramarinos;Salsas / especias / sal;Tomate frito;https://www.gadisline.com/listado-de-productos/?idListProd=111912;0;05/11/2019 01:51:46
Ultramarinos;Salsas / especias / sal;Salsas varias;https://www.gadisline.com/listado-de-productos/?idListProd=111913;0;05/11/2019 01:51:46
Ultramarinos;Salsas / especias / sal;Salsas deshidratadas;https://www.gadisline.com/listado-de-productos/?idListProd=111916;0;05/11/2019 01:51:46
Ultramarinos;Salsas / especias / sal;Salsas refrigeradas;https://www.gadisline.com/listado-de-productos/?idListProd=111917;0;05/11/2019 01:51:46
Ultramarinos;Salsas / especias / sal;Sal;https://www.gadisline.com/listado-de-productos/?idListProd=111914;0;05/11/2019 01:51:46
Ultramarinos;Salsas / especias / sal;Especias;https://www.gadisline.com/listado-de-productos/?idListProd=111915;0;05/11/2019 01:51:46
Ultramarinos;Aperitivos / aceitunas;Aceitunas verdes;https://www.gadisline.com/listado-de-productos/?idListProd=112010;0;05/11/2019 01:51:46
Ultramarinos;Aperitivos / aceitunas;Aceitunas negras / rellenas;https://www.gadisline.com/listado-de-productos/?idListProd=112011;0;05/11/2019 01:51:46
Ultramarinos;Aperitivos / aceitunas;Encurtidos;https://www.gadisline.com/listado-de-productos/?idListProd=112012;0;05/11/2019 01:51:46
Ultramarinos;Aperitivos / aceitunas;Patatas fritas;https://www.gadisline.com/listado-de-productos/?idListProd=112013;0;05/11/2019 01:51:46
Ultramarinos;Aperitivos / aceitunas;Galletas saladas;https://www.gadisline.com/listado-de-productos/?idListProd=112014;0;05/11/2019 01:51:46
Ultramarinos;Aperitivos / aceitunas;Palomitas / inflados;https://www.gadisline.com/listado-de-productos/?idListProd=112015;0;05/11/2019 01:51:46
Ultramarinos;Aperitivos / aceitunas;Maiz tostado;https://www.gadisline.com/listado-de-productos/?idListProd=112019;0;05/11/2019 01:51:46
Ultramarinos;Aperitivos / aceitunas;Otros aperitivos;https://www.gadisline.com/listado-de-productos/?idListProd=112018;0;05/11/2019 01:51:46
Ultramarinos;Frutos secos;Almendras;https://www.gadisline.com/listado-de-productos/?idListProd=112411;0;05/11/2019 01:51:46
Ultramarinos;Frutos secos;Cacahuetes;https://www.gadisline.com/listado-de-productos/?idListProd=112412;0;05/11/2019 01:51:46
Ultramarinos;Frutos secos;Pistachos;https://www.gadisline.com/listado-de-productos/?idListProd=112413;0;05/11/2019 01:51:46
Ultramarinos;Frutos secos;Nueces;https://www.gadisline.com/listado-de-productos/?idListProd=112414;0;05/11/2019 01:51:46
Ultramarinos;Frutos secos;Pipas;https://www.gadisline.com/listado-de-productos/?idListProd=112415;0;05/11/2019 01:51:46
Ultramarinos;Frutos secos;Frutos secos granel;https://www.gadisline.com/listado-de-productos/?idListProd=112416;0;05/11/2019 01:51:46
Ultramarinos;Frutos secos;Otros frutos secos;https://www.gadisline.com/listado-de-productos/?idListProd=112419;0;05/11/2019 01:51:46
Ultramarinos;Fruta seca;Ciruelas pasas;https://www.gadisline.com/listado-de-productos/?idListProd=112511;0;05/11/2019 01:51:46
Ultramarinos;Fruta seca;Uvas pasas;https://www.gadisline.com/listado-de-productos/?idListProd=112512;0;05/11/2019 01:51:46
Ultramarinos;Fruta seca;Otra fruta seca;https://www.gadisline.com/listado-de-productos/?idListProd=112519;0;05/11/2019 01:51:46
Ultramarinos;Harinas / féculas;Harinas;https://www.gadisline.com/listado-de-productos/?idListProd=112110;0;05/11/2019 01:51:46
Ultramarinos;Harinas / féculas;Sémolas / tapiocas;https://www.gadisline.com/listado-de-productos/?idListProd=112111;0;05/11/2019 01:51:46
Ultramarinos;Harinas / féculas;Purés;https://www.gadisline.com/listado-de-productos/?idListProd=112112;0;05/11/2019 01:51:46
Ultramarinos;Harinas / féculas;Pan rallado;https://www.gadisline.com/listado-de-productos/?idListProd=112113;0;05/11/2019 01:51:46
Ultramarinos;Pasta / legumbres / arroz;Pasta clásica / integral;https://www.gadisline.com/listado-de-productos/?idListProd=112219;0;05/11/2019 01:51:46
Ultramarinos;Pasta / legumbres / arroz;Pasta al huevo/vegetal/ñoquis;https://www.gadisline.com/listado-de-productos/?idListProd=112220;0;05/11/2019 01:51:46
Ultramarinos;Pasta / legumbres / arroz;Lasaña / canelones;https://www.gadisline.com/listado-de-productos/?idListProd=112212;0;05/11/2019 01:51:46
Ultramarinos;Pasta / legumbres / arroz;Pasta/masa refrigerada;https://www.gadisline.com/listado-de-productos/?idListProd=112213;0;05/11/2019 01:51:46
Ultramarinos;Pasta / legumbres / arroz;Alubias;https://www.gadisline.com/listado-de-productos/?idListProd=112214;0;05/11/2019 01:51:46
Ultramarinos;Pasta / legumbres / arroz;Garbanzos;https://www.gadisline.com/listado-de-productos/?idListProd=112215;0;05/11/2019 01:51:46
Ultramarinos;Pasta / legumbres / arroz;Lentejas;https://www.gadisline.com/listado-de-productos/?idListProd=112216;0;05/11/2019 01:51:46
Ultramarinos;Pasta / legumbres / arroz;Arroz;https://www.gadisline.com/listado-de-productos/?idListProd=112217;0;05/11/2019 01:51:46
Ultramarinos;Pasta / legumbres / arroz;Resto de legumbres y cereales;https://www.gadisline.com/listado-de-productos/?idListProd=112221;0;05/11/2019 01:51:46
Ultramarinos;Sopas / caldos;Sopa sobre normal;https://www.gadisline.com/listado-de-productos/?idListProd=112310;0;05/11/2019 01:51:47
Ultramarinos;Sopas / caldos;Sopa sobre especialidades;https://www.gadisline.com/listado-de-productos/?idListProd=112311;0;05/11/2019 01:51:47
Ultramarinos;Sopas / caldos;Sopa brick;https://www.gadisline.com/listado-de-productos/?idListProd=112313;0;05/11/2019 01:51:47
Ultramarinos;Sopas / caldos;Caldos carne;https://www.gadisline.com/listado-de-productos/?idListProd=112314;0;05/11/2019 01:51:47
Ultramarinos;Sopas / caldos;Caldos ave;https://www.gadisline.com/listado-de-productos/?idListProd=112315;0;05/11/2019 01:51:47
Ultramarinos;Sopas / caldos;Caldos pescado;https://www.gadisline.com/listado-de-productos/?idListProd=112316;0;05/11/2019 01:51:47
Ultramarinos;Sopas / caldos;Gazpacho/salmorejo refrigerado;https://www.gadisline.com/listado-de-productos/?idListProd=112317;0;05/11/2019 01:51:47
Conservas / precocinados;Precocinados;Pizzas frescas precocinadas;https://www.gadisline.com/listado-de-productos/?idListProd=121509;0;05/11/2019 01:51:47
Conservas / precocinados;Precocinados;Legumbres cocidas;https://www.gadisline.com/listado-de-productos/?idListProd=121510;0;05/11/2019 01:51:47
Conservas / precocinados;Precocinados;Fabadas/callos;https://www.gadisline.com/listado-de-productos/?idListProd=121511;0;05/11/2019 01:51:47
Conservas / precocinados;Precocinados;Precocinados carne;https://www.gadisline.com/listado-de-productos/?idListProd=121512;0;05/11/2019 01:51:47
Conservas / precocinados;Precocinados;Precocinados pasta / arroz;https://www.gadisline.com/listado-de-productos/?idListProd=121513;0;05/11/2019 01:51:47
Conservas / precocinados;Precocinados;Otros preparados;https://www.gadisline.com/listado-de-productos/?idListProd=121514;0;05/11/2019 01:51:47
Conservas / precocinados;Conservas fruta;Piña / melocotón;https://www.gadisline.com/listado-de-productos/?idListProd=121010;0;05/11/2019 01:51:47
Conservas / precocinados;Conservas fruta;Membrillos;https://www.gadisline.com/listado-de-productos/?idListProd=121011;0;05/11/2019 01:51:47
Conservas / precocinados;Conservas fruta;Especialidades fruta;https://www.gadisline.com/listado-de-productos/?idListProd=121012;0;05/11/2019 01:51:47
Conservas / precocinados;Conservas vegetales;Judías verdes / alcachofas;https://www.gadisline.com/listado-de-productos/?idListProd=121110;0;05/11/2019 01:51:47
Conservas / precocinados;Conservas vegetales;Espárragos / yemas / tallos;https://www.gadisline.com/listado-de-productos/?idListProd=121111;0;05/11/2019 01:51:47
Conservas / precocinados;Conservas vegetales;Guisantes / menestras;https://www.gadisline.com/listado-de-productos/?idListProd=121112;0;05/11/2019 01:51:47
Conservas / precocinados;Conservas vegetales;Pimientos;https://www.gadisline.com/listado-de-productos/?idListProd=121113;0;05/11/2019 01:51:47
Conservas / precocinados;Conservas vegetales;Setas / champiñones;https://www.gadisline.com/listado-de-productos/?idListProd=121114;0;05/11/2019 01:51:47
Conservas / precocinados;Conservas vegetales;Tomate natural entero;https://www.gadisline.com/listado-de-productos/?idListProd=121115;0;05/11/2019 01:51:47
Conservas / precocinados;Conservas vegetales;Tomate natural triturado;https://www.gadisline.com/listado-de-productos/?idListProd=121116;0;05/11/2019 01:51:47
Conservas / precocinados;Conservas vegetales;Otras conservas vegetales;https://www.gadisline.com/listado-de-productos/?idListProd=121117;0;05/11/2019 01:51:47
Conservas / precocinados;Conservas cárnicas;Salchichas;https://www.gadisline.com/listado-de-productos/?idListProd=121210;0;05/11/2019 01:51:47
Conservas / precocinados;Conservas cárnicas;Foies / patés;https://www.gadisline.com/listado-de-productos/?idListProd=121211;0;05/11/2019 01:51:47
Conservas / precocinados;Conservas pescado;Atún claro / listado;https://www.gadisline.com/listado-de-productos/?idListProd=121310;0;05/11/2019 01:51:47
Conservas / precocinados;Conservas pescado;Atún blanco (bonito);https://www.gadisline.com/listado-de-productos/?idListProd=121311;0;05/11/2019 01:51:47
Conservas / precocinados;Conservas pescado;Caballa / otros túnidos;https://www.gadisline.com/listado-de-productos/?idListProd=121312;0;05/11/2019 01:51:47
Conservas / precocinados;Conservas pescado;Sardinas;https://www.gadisline.com/listado-de-productos/?idListProd=121313;0;05/11/2019 01:51:47
Conservas / precocinados;Conservas pescado;Sardinillas;https://www.gadisline.com/listado-de-productos/?idListProd=121314;0;05/11/2019 01:51:47
Conservas / precocinados;Conservas pescado;Otras conservas pescado;https://www.gadisline.com/listado-de-productos/?idListProd=121315;0;05/11/2019 01:51:47
Conservas / precocinados;Conservas marisco;Mejillones;https://www.gadisline.com/listado-de-productos/?idListProd=121410;0;05/11/2019 01:51:47
Conservas / precocinados;Conservas marisco;Berberechos / almejas;https://www.gadisline.com/listado-de-productos/?idListProd=121411;0;05/11/2019 01:51:47
Conservas / precocinados;Conservas marisco;Calamares / chipirones;https://www.gadisline.com/listado-de-productos/?idListProd=121412;0;05/11/2019 01:51:47
Conservas / precocinados;Conservas marisco;Pulpo;https://www.gadisline.com/listado-de-productos/?idListProd=121413;0;05/11/2019 01:51:48
Conservas / precocinados;Conservas marisco;Otras conservas marisco;https://www.gadisline.com/listado-de-productos/?idListProd=121414;0;05/11/2019 01:51:48
Dietéticos / energéticos;Dietéticos;Galletas,barritas y tortitas;https://www.gadisline.com/listado-de-productos/?idListProd=221010;0;05/11/2019 01:51:48
Dietéticos / energéticos;Dietéticos;Panificados;https://www.gadisline.com/listado-de-productos/?idListProd=221011;0;05/11/2019 01:51:48
Dietéticos / energéticos;Dietéticos;Mermeladas;https://www.gadisline.com/listado-de-productos/?idListProd=221012;0;05/11/2019 01:51:48
Dietéticos / energéticos;Dietéticos;Infusiones / líquidos dietéticos;https://www.gadisline.com/listado-de-productos/?idListProd=221013;0;05/11/2019 01:51:48
Dietéticos / energéticos;Dietéticos;Otros dietéticos;https://www.gadisline.com/listado-de-productos/?idListProd=221014;0;05/11/2019 01:51:48
Bebidas;Aguas / refrescos;Aguas;https://www.gadisline.com/listado-de-productos/?idListProd=211010;0;05/11/2019 01:51:48
Bebidas;Aguas / refrescos;Refrescos de té;https://www.gadisline.com/listado-de-productos/?idListProd=211019;0;05/11/2019 01:51:48
Bebidas;Aguas / refrescos;Refrescos de cola;https://www.gadisline.com/listado-de-productos/?idListProd=211014;0;05/11/2019 01:51:48
Bebidas;Aguas / refrescos;Refrescos de naranja;https://www.gadisline.com/listado-de-productos/?idListProd=211012;0;05/11/2019 01:51:48
Bebidas;Aguas / refrescos;Refrescos de limón;https://www.gadisline.com/listado-de-productos/?idListProd=211013;0;05/11/2019 01:51:48
Bebidas;Aguas / refrescos;Refrescos de lima-limón;https://www.gadisline.com/listado-de-productos/?idListProd=211018;0;05/11/2019 01:51:48
Bebidas;Aguas / refrescos;Energéticas / vitaminadas;https://www.gadisline.com/listado-de-productos/?idListProd=211015;0;05/11/2019 01:51:48
Bebidas;Aguas / refrescos;Refrescos refrigerados;https://www.gadisline.com/listado-de-productos/?idListProd=211017;0;05/11/2019 01:51:48
Bebidas;Aguas / refrescos;Tónicas / gaseosas;https://www.gadisline.com/listado-de-productos/?idListProd=211011;0;05/11/2019 01:51:48
Bebidas;Aguas / refrescos;Otros refrescos;https://www.gadisline.com/listado-de-productos/?idListProd=211016;0;05/11/2019 01:51:48
Bebidas;Zumos / mostos;Zumo naranja;https://www.gadisline.com/listado-de-productos/?idListProd=211110;0;05/11/2019 01:51:48
Bebidas;Zumos / mostos;Zumo manzana;https://www.gadisline.com/listado-de-productos/?idListProd=211111;0;05/11/2019 01:51:48
Bebidas;Zumos / mostos;Zumo piña;https://www.gadisline.com/listado-de-productos/?idListProd=211112;0;05/11/2019 01:51:48
Bebidas;Zumos / mostos;Zumo melocotón;https://www.gadisline.com/listado-de-productos/?idListProd=211113;0;05/11/2019 01:51:48
Bebidas;Zumos / mostos;Otros zumos;https://www.gadisline.com/listado-de-productos/?idListProd=211114;0;05/11/2019 01:51:48
Bebidas;Zumos / mostos;Zumos refrigerados;https://www.gadisline.com/listado-de-productos/?idListProd=211115;0;05/11/2019 01:51:48
Bebidas;Zumos / mostos;Mostos;https://www.gadisline.com/listado-de-productos/?idListProd=211116;0;05/11/2019 01:51:48
Bebidas;Cervezas;Cerveza nacional botellín;https://www.gadisline.com/listado-de-productos/?idListProd=211210;0;05/11/2019 01:51:48
Bebidas;Cervezas;Cerveza nacional lata;https://www.gadisline.com/listado-de-productos/?idListProd=211211;0;05/11/2019 01:51:48
Bebidas;Cervezas;Cerveza import.lata;https://www.gadisline.com/listado-de-productos/?idListProd=211213;0;05/11/2019 01:51:48
Bebidas;Cervezas;Cerveza importación botellín;https://www.gadisline.com/listado-de-productos/?idListProd=211212;0;05/11/2019 01:51:48
Bebidas;Cervezas;Cerveza sin alcohol botellín;https://www.gadisline.com/listado-de-productos/?idListProd=211214;0;05/11/2019 01:51:48
Bebidas;Cervezas;Cerveza sin alcohol lata;https://www.gadisline.com/listado-de-productos/?idListProd=211215;0;05/11/2019 01:51:49
Bebidas;Cervezas;Cerveza nacional botella 1l.;https://www.gadisline.com/listado-de-productos/?idListProd=211216;0;05/11/2019 01:51:49
Bebidas;Cervezas;Cervezas combinadas;https://www.gadisline.com/listado-de-productos/?idListProd=211220;0;05/11/2019 01:51:49
Bebidas;Cervezas;Cerveza negra;https://www.gadisline.com/listado-de-productos/?idListProd=211217;0;05/11/2019 01:51:49
Bebidas;Vinos de mesa;Vino tinto brick;https://www.gadisline.com/listado-de-productos/?idListProd=211310;0;05/11/2019 01:51:49
Bebidas;Vinos de mesa;Vino tinto botella/bag in box;https://www.gadisline.com/listado-de-productos/?idListProd=211311;0;05/11/2019 01:51:49
Bebidas;Vinos de mesa;Vino blanco brick;https://www.gadisline.com/listado-de-productos/?idListProd=211312;0;05/11/2019 01:51:49
Bebidas;Vinos de mesa;Vino blanco botella;https://www.gadisline.com/listado-de-productos/?idListProd=211313;0;05/11/2019 01:51:49
Bebidas;Vinos de mesa;Vino rosado brick;https://www.gadisline.com/listado-de-productos/?idListProd=211314;0;05/11/2019 01:51:49
Bebidas;Vinos de mesa;Vino rosado botella;https://www.gadisline.com/listado-de-productos/?idListProd=211315;0;05/11/2019 01:51:49
Bebidas;Vinos de mesa;Sangrías y tintos de verano;https://www.gadisline.com/listado-de-productos/?idListProd=211316;0;05/11/2019 01:51:49
Bebidas;Vinos de mesa;Vino desalcoholizado;https://www.gadisline.com/listado-de-productos/?idListProd=211317;0;05/11/2019 01:51:49
Bebidas;Vinos gallegos;Vino d.o.ribeiro;https://www.gadisline.com/listado-de-productos/?idListProd=211410;0;05/11/2019 01:51:49
Bebidas;Vinos gallegos;Vino d.o.valdeorras;https://www.gadisline.com/listado-de-productos/?idListProd=211411;0;05/11/2019 01:51:49
Bebidas;Vinos gallegos;Vino d.o.rías baixas;https://www.gadisline.com/listado-de-productos/?idListProd=211412;0;05/11/2019 01:51:49
Bebidas;Vinos gallegos;Vino d.o.ribeira sacra;https://www.gadisline.com/listado-de-productos/?idListProd=211413;0;05/11/2019 01:51:49
Bebidas;Vinos gallegos;Vino d.o.monterrei;https://www.gadisline.com/listado-de-productos/?idListProd=211414;0;05/11/2019 01:51:49
Bebidas;Vinos gallegos;Otros vinos gallegos;https://www.gadisline.com/listado-de-productos/?idListProd=211415;0;05/11/2019 01:51:49
Bebidas;Vinos resto españa;Vino d.o.rioja cosecha;https://www.gadisline.com/listado-de-productos/?idListProd=211510;0;05/11/2019 01:51:49
Bebidas;Vinos resto españa;Vino d.o.rioja crianza;https://www.gadisline.com/listado-de-productos/?idListProd=211511;0;05/11/2019 01:51:49
Bebidas;Vinos resto españa;Vino d.o.rioja rva. / gr.rva;https://www.gadisline.com/listado-de-productos/?idListProd=211512;0;05/11/2019 01:51:49
Bebidas;Vinos resto españa;Vino d.o.rioja blanco;https://www.gadisline.com/listado-de-productos/?idListProd=211513;0;05/11/2019 01:51:49
Bebidas;Vinos resto españa;Vino d.o.rioja rosado;https://www.gadisline.com/listado-de-productos/?idListProd=211514;0;05/11/2019 01:51:49
Bebidas;Vinos resto españa;Vino d.o.ribera duero;https://www.gadisline.com/listado-de-productos/?idListProd=211517;0;05/11/2019 01:51:49
Bebidas;Vinos resto españa;Vino d.o.bierzo;https://www.gadisline.com/listado-de-productos/?idListProd=211515;0;05/11/2019 01:51:49
Bebidas;Vinos resto españa;Vino d.o.valdepeñas;https://www.gadisline.com/listado-de-productos/?idListProd=211516;0;05/11/2019 01:51:49
Bebidas;Vinos resto españa;Vino d.o.resto españa;https://www.gadisline.com/listado-de-productos/?idListProd=211518;0;05/11/2019 01:51:49
Bebidas;Vinos resto españa;Otros vinos españa;https://www.gadisline.com/listado-de-productos/?idListProd=211519;0;05/11/2019 01:51:49
Bebidas;Vinos resto españa;Vinos gasificados;https://www.gadisline.com/listado-de-productos/?idListProd=211520;0;05/11/2019 01:51:49
Bebidas;Vinos importación;Vinos importación;https://www.gadisline.com/listado-de-productos/?idListProd=211610;0;05/11/2019 01:51:49
Bebidas;Bebidas espumosas;Champán;https://www.gadisline.com/listado-de-productos/?idListProd=211713;0;05/11/2019 01:51:49
Bebidas;Bebidas espumosas;Cava brut;https://www.gadisline.com/listado-de-productos/?idListProd=211710;0;05/11/2019 01:51:49
Bebidas;Bebidas espumosas;Cava semiseco/dulce;https://www.gadisline.com/listado-de-productos/?idListProd=211711;0;05/11/2019 01:51:49
Bebidas;Bebidas espumosas;Benjamines;https://www.gadisline.com/listado-de-productos/?idListProd=211712;0;05/11/2019 01:51:50
Bebidas;Bebidas espumosas;Sidra;https://www.gadisline.com/listado-de-productos/?idListProd=211714;0;05/11/2019 01:51:50
Bebidas;Aperitivos;Vermouths;https://www.gadisline.com/listado-de-productos/?idListProd=211810;19;11/11/2019 01:29:27
Bebidas;Aperitivos;Bitters;https://www.gadisline.com/listado-de-productos/?idListProd=211811;4;11/11/2019 01:29:34
Bebidas;Aperitivos;Otros aperitivos;https://www.gadisline.com/listado-de-productos/?idListProd=211812;10;11/11/2019 01:29:41
Bebidas;Licores;Whisky importación;https://www.gadisline.com/listado-de-productos/?idListProd=211910;0;05/11/2019 01:51:50
Bebidas;Licores;Whisky bourbon / tennessee;https://www.gadisline.com/listado-de-productos/?idListProd=211911;0;05/11/2019 01:51:50
Bebidas;Licores;Whisky nacional;https://www.gadisline.com/listado-de-productos/?idListProd=211912;0;05/11/2019 01:51:50
Bebidas;Licores;Brandy/cognac;https://www.gadisline.com/listado-de-productos/?idListProd=211913;0;05/11/2019 01:51:50
Bebidas;Licores;Ginebra nacional / importación;https://www.gadisline.com/listado-de-productos/?idListProd=211914;0;05/11/2019 01:51:50
Bebidas;Licores;Aguardiente;https://www.gadisline.com/listado-de-productos/?idListProd=211915;0;05/11/2019 01:51:50
Bebidas;Licores;Ron;https://www.gadisline.com/listado-de-productos/?idListProd=211916;0;05/11/2019 01:51:50
Bebidas;Licores;Vodka;https://www.gadisline.com/listado-de-productos/?idListProd=211917;0;05/11/2019 01:51:50
Bebidas;Licores;Tequila;https://www.gadisline.com/listado-de-productos/?idListProd=211918;0;05/11/2019 01:51:50
Bebidas;Licores;Anís;https://www.gadisline.com/listado-de-productos/?idListProd=211919;0;05/11/2019 01:51:50
Bebidas;Licores;Cremas (alcohol);https://www.gadisline.com/listado-de-productos/?idListProd=211920;0;05/11/2019 01:51:50
Bebidas;Licores;Licores frutas;https://www.gadisline.com/listado-de-productos/?idListProd=211921;0;05/11/2019 01:51:50
Bebidas;Licores;Resto licores;https://www.gadisline.com/listado-de-productos/?idListProd=211922;0;05/11/2019 01:51:50
Bebidas;Licores;Licores sin alcohol;https://www.gadisline.com/listado-de-productos/?idListProd=211923;0;05/11/2019 01:51:50
Bebés / niños;Alimentos bebés;Harinas / papillas;https://www.gadisline.com/listado-de-productos/?idListProd=231010;0;05/11/2019 01:51:50
Bebés / niños;Alimentos bebés;Leche polvo iniciación;https://www.gadisline.com/listado-de-productos/?idListProd=231011;0;05/11/2019 01:51:50
Bebés / niños;Alimentos bebés;Leche polvo continuación;https://www.gadisline.com/listado-de-productos/?idListProd=231014;0;05/11/2019 01:51:50
Bebés / niños;Alimentos bebés;Leche infantil líquida;https://www.gadisline.com/listado-de-productos/?idListProd=231015;0;05/11/2019 01:51:50
Bebés / niños;Alimentos bebés;Potitos / purés;https://www.gadisline.com/listado-de-productos/?idListProd=231012;0;05/11/2019 01:51:50
Bebés / niños;Alimentos bebés;Galletas / zumos;https://www.gadisline.com/listado-de-productos/?idListProd=231013;0;05/11/2019 01:51:50
Bebés / niños;Celulosa bebés;Pañales;https://www.gadisline.com/listado-de-productos/?idListProd=231110;0;05/11/2019 01:51:50
Bebés / niños;Celulosa bebés;Toallitas infantiles;https://www.gadisline.com/listado-de-productos/?idListProd=231111;0;05/11/2019 01:51:50
Bebés / niños;Higiene infantil;Champús;https://www.gadisline.com/listado-de-productos/?idListProd=231210;0;05/11/2019 01:51:50
Bebés / niños;Higiene infantil;Jabón / gel / aceite;https://www.gadisline.com/listado-de-productos/?idListProd=231211;0;05/11/2019 01:51:50
Bebés / niños;Higiene infantil;Colonia;https://www.gadisline.com/listado-de-productos/?idListProd=231212;0;05/11/2019 01:51:50
Bebés / niños;Higiene infantil;Higiene bucal infantil;https://www.gadisline.com/listado-de-productos/?idListProd=231214;0;05/11/2019 01:51:51
Bebés / niños;Higiene infantil;Esponja baño infantil;https://www.gadisline.com/listado-de-productos/?idListProd=231215;0;05/11/2019 01:51:51
Bebés / niños;Higiene infantil;Resto higiene infantil;https://www.gadisline.com/listado-de-productos/?idListProd=231213;0;05/11/2019 01:51:51
Frutería / verdura;Frutas;Frutería;https://www.gadisline.com/listado-de-productos/?idListProd=191010;0;05/11/2019 01:51:51
Frutería / verdura;Verduras y hortalizas;Verdura;https://www.gadisline.com/listado-de-productos/?idListProd=191110;0;05/11/2019 01:51:51
Pescadería / marisco;Pescadería / marisco;Pescadería / marisco;https://www.gadisline.com/listado-de-productos/?idListProd=181010;0;05/11/2019 01:51:51
Carnicería / huevos;Carnicería;Vacuno;https://www.gadisline.com/listado-de-productos/?idListProd=171010;0;05/11/2019 01:51:51
Carnicería / huevos;Carnicería;Porcino;https://www.gadisline.com/listado-de-productos/?idListProd=171011;0;05/11/2019 01:51:51
Carnicería / huevos;Carnicería;Aves / conejo;https://www.gadisline.com/listado-de-productos/?idListProd=171012;0;05/11/2019 01:51:51
Carnicería / huevos;Carnicería;Ovino;https://www.gadisline.com/listado-de-productos/?idListProd=171013;0;05/11/2019 01:51:51
Carnicería / huevos;Huevos;Huevos;https://www.gadisline.com/listado-de-productos/?idListProd=171110;0;05/11/2019 01:51:51
Charcutería;Jamón curado;Jamón corte o pieza;https://www.gadisline.com/listado-de-productos/?idListProd=151010;0;05/11/2019 01:51:51
Charcutería;Jamón curado;Codillos;https://www.gadisline.com/listado-de-productos/?idListProd=151012;0;05/11/2019 01:51:51
Charcutería;Jamón york / dulce;Jamón cocido corte;https://www.gadisline.com/listado-de-productos/?idListProd=151110;0;05/11/2019 01:51:51
Charcutería;Fiambres;Mortadela corte;https://www.gadisline.com/listado-de-productos/?idListProd=151210;0;05/11/2019 01:51:51
Charcutería;Fiambres;Mortadela aceitunas corte;https://www.gadisline.com/listado-de-productos/?idListProd=151212;0;05/11/2019 01:51:51
Charcutería;Fiambres;Mortadela pieza;https://www.gadisline.com/listado-de-productos/?idListProd=151214;0;05/11/2019 01:51:51
Charcutería;Fiambres;Cocidos / asados autoservicio;https://www.gadisline.com/listado-de-productos/?idListProd=151215;0;05/11/2019 01:51:51
Charcutería;Fiambres;Otros cocidos corte;https://www.gadisline.com/listado-de-productos/?idListProd=151216;0;05/11/2019 01:51:51
Charcutería;Lomo;Lomo embuchado corte;https://www.gadisline.com/listado-de-productos/?idListProd=151310;6;11/11/2019 01:14:59
Charcutería;Lomo;Cecina;https://www.gadisline.com/listado-de-productos/?idListProd=151314;1;11/11/2019 01:15:05
Charcutería;Chorizo / longaniza;Chorizo ibérico corte;https://www.gadisline.com/listado-de-productos/?idListProd=151410;0;05/11/2019 01:51:51
Charcutería;Chorizo / longaniza;Chorizo pamplona corte;https://www.gadisline.com/listado-de-productos/?idListProd=151411;0;05/11/2019 01:51:51
Charcutería;Chorizo / longaniza;Chorizo salamanca corte;https://www.gadisline.com/listado-de-productos/?idListProd=151412;0;05/11/2019 01:51:52
Charcutería;Chorizo / longaniza;Chorizo extra corte;https://www.gadisline.com/listado-de-productos/?idListProd=151414;0;05/11/2019 01:51:52
Charcutería;Chorizo / longaniza;Chorizo casero pieza;https://www.gadisline.com/listado-de-productos/?idListProd=151415;0;05/11/2019 01:51:52
Charcutería;Chorizo / longaniza;Chorizo/longaniza pieza;https://www.gadisline.com/listado-de-productos/?idListProd=151416;0;05/11/2019 01:51:52
Charcutería;Salchichón / fuet;Salchichón cular / iberico corte;https://www.gadisline.com/listado-de-productos/?idListProd=151510;0;05/11/2019 01:51:52
Charcutería;Salchichón / fuet;Salchichón extra corte;https://www.gadisline.com/listado-de-productos/?idListProd=151511;0;05/11/2019 01:51:52
Charcutería;Salchichón / fuet;Salchichón/fuet pieza;https://www.gadisline.com/listado-de-productos/?idListProd=151513;0;05/11/2019 01:51:52
Charcutería;Salami;Salami corte;https://www.gadisline.com/listado-de-productos/?idListProd=151610;0;05/11/2019 01:51:52
Charcutería;Loncheados;Loncheados;https://www.gadisline.com/listado-de-productos/?idListProd=151710;0;05/11/2019 01:51:52
Charcutería;Salchichas;Salchichas frankfurt;https://www.gadisline.com/listado-de-productos/?idListProd=151810;0;05/11/2019 01:51:52
Charcutería;Salchichas;Sachichas jamón /queso / bacon;https://www.gadisline.com/listado-de-productos/?idListProd=151811;0;05/11/2019 01:51:52
Charcutería;Salchichas;Salchichas especialidades;https://www.gadisline.com/listado-de-productos/?idListProd=151812;0;05/11/2019 01:51:52
Charcutería;Salchichas;Salchichas vegetales;https://www.gadisline.com/listado-de-productos/?idListProd=151813;0;05/11/2019 01:51:52
Charcutería;Morcillas;Morcillas;https://www.gadisline.com/listado-de-productos/?idListProd=151910;0;05/11/2019 01:51:52
Charcutería;Bacon / ahumados / anchoas;Bacón / ahumados / anchoas;https://www.gadisline.com/listado-de-productos/?idListProd=152010;0;05/11/2019 01:51:52
Charcutería;Pates / mantecas / sobrasada;Patés / mantecas y sobrasada;https://www.gadisline.com/listado-de-productos/?idListProd=152211;0;05/11/2019 01:51:52
Charcutería;Lacones;Lacones;https://www.gadisline.com/listado-de-productos/?idListProd=152310;0;05/11/2019 01:51:52
Charcutería;Botillos y androlla;Botillos y androlla;https://www.gadisline.com/listado-de-productos/?idListProd=152410;0;05/11/2019 01:51:52
Lácteos;Leches;Leche entera;https://www.gadisline.com/listado-de-productos/?idListProd=131010;0;05/11/2019 01:51:52
Lácteos;Leches;Leche semidesnatada;https://www.gadisline.com/listado-de-productos/?idListProd=131011;0;05/11/2019 01:51:52
Lácteos;Leches;Leche desnatada;https://www.gadisline.com/listado-de-productos/?idListProd=131012;0;05/11/2019 01:51:52
Lácteos;Leches;Leche sin lactosa;https://www.gadisline.com/listado-de-productos/?idListProd=131017;0;05/11/2019 01:51:52
Lácteos;Leches;Leche especialidades;https://www.gadisline.com/listado-de-productos/?idListProd=131013;0;05/11/2019 01:51:52
Lácteos;Leches;Leche fresca pasteurizada;https://www.gadisline.com/listado-de-productos/?idListProd=131014;0;05/11/2019 01:51:52
Lácteos;Leches;Polvo / evaporada / condensada;https://www.gadisline.com/listado-de-productos/?idListProd=131015;0;05/11/2019 01:51:52
Lácteos;Leches;Bebidas vegetales;https://www.gadisline.com/listado-de-productos/?idListProd=131016;0;05/11/2019 01:51:52
Lácteos;Batidos;Batidos;https://www.gadisline.com/listado-de-productos/?idListProd=131110;0;05/11/2019 01:51:53
Lácteos;Nata / mantequilla / margarina;Nata;https://www.gadisline.com/listado-de-productos/?idListProd=131210;0;05/11/2019 01:51:53
Lácteos;Nata / mantequilla / margarina;Mantequilla;https://www.gadisline.com/listado-de-productos/?idListProd=131211;0;05/11/2019 01:51:53
Lácteos;Nata / mantequilla / margarina;Margarina;https://www.gadisline.com/listado-de-productos/?idListProd=131212;0;05/11/2019 01:51:53
Lácteos;Yogures;Yogur natural normal;https://www.gadisline.com/listado-de-productos/?idListProd=131310;0;05/11/2019 01:51:53
Lácteos;Yogures;Yogur natural azucarado;https://www.gadisline.com/listado-de-productos/?idListProd=131311;0;05/11/2019 01:51:53
Lácteos;Yogures;Yogur con bífidus;https://www.gadisline.com/listado-de-productos/?idListProd=131312;0;05/11/2019 01:51:53
Lácteos;Yogures;Yogur desnatado;https://www.gadisline.com/listado-de-productos/?idListProd=131313;0;05/11/2019 01:51:53
Lácteos;Yogures;Yogur enriquecido;https://www.gadisline.com/listado-de-productos/?idListProd=131314;0;05/11/2019 01:51:53
Lácteos;Yogures;Yogur líquido;https://www.gadisline.com/listado-de-productos/?idListProd=131315;0;05/11/2019 01:51:53
Lácteos;Yogures;Yogur sabores;https://www.gadisline.com/listado-de-productos/?idListProd=131316;0;05/11/2019 01:51:53
Lácteos;Yogures;Yogur con frutas;https://www.gadisline.com/listado-de-productos/?idListProd=131317;0;05/11/2019 01:51:53
Lácteos;Yogures;Yogures salud;https://www.gadisline.com/listado-de-productos/?idListProd=131320;0;05/11/2019 01:51:53
Lácteos;Yogures;Yogures especiales.;https://www.gadisline.com/listado-de-productos/?idListProd=131319;0;05/11/2019 01:51:53
Lácteos;Postres lácteos;Postres sin refrigeración;https://www.gadisline.com/listado-de-productos/?idListProd=131410;0;05/11/2019 01:51:53
Lácteos;Postres lácteos;Flanes;https://www.gadisline.com/listado-de-productos/?idListProd=131411;0;05/11/2019 01:51:53
Lácteos;Postres lácteos;Natillas;https://www.gadisline.com/listado-de-productos/?idListProd=131412;0;05/11/2019 01:51:53
Lácteos;Postres lácteos;Cremas / mousses yogur;https://www.gadisline.com/listado-de-productos/?idListProd=131413;0;05/11/2019 01:51:53
Lácteos;Postres lácteos;Queso petit;https://www.gadisline.com/listado-de-productos/?idListProd=131415;0;05/11/2019 01:51:53
Lácteos;Postres lácteos;Otros postres refrigerados;https://www.gadisline.com/listado-de-productos/?idListProd=131416;0;05/11/2019 01:51:53
Lácteos;Bebidas refrigeradas;Bebidas refrigeradas;https://www.gadisline.com/listado-de-productos/?idListProd=131510;0;05/11/2019 01:51:53
Quesos;Queso tierno;Queso tierno corte;https://www.gadisline.com/listado-de-productos/?idListProd=141010;0;05/11/2019 01:51:53
Quesos;Queso tierno;Queso tierno pieza;https://www.gadisline.com/listado-de-productos/?idListProd=141011;0;05/11/2019 01:51:53
Quesos;Queso semicurado;Queso semicurado corte;https://www.gadisline.com/listado-de-productos/?idListProd=141110;0;05/11/2019 01:51:53
Quesos;Queso semicurado;Queso semicurado pieza;https://www.gadisline.com/listado-de-productos/?idListProd=141111;0;05/11/2019 01:51:53
Quesos;Queso curado;Queso curado corte;https://www.gadisline.com/listado-de-productos/?idListProd=141210;0;05/11/2019 01:51:53
Quesos;Queso curado;Queso curado pieza;https://www.gadisline.com/listado-de-productos/?idListProd=141211;0;05/11/2019 01:51:53
Quesos;Queso bola;Queso bola corte;https://www.gadisline.com/listado-de-productos/?idListProd=141310;0;05/11/2019 01:51:53
Quesos;Queso bola;Queso bola pieza;https://www.gadisline.com/listado-de-productos/?idListProd=141311;0;05/11/2019 01:51:53
Quesos;Queso sandwich;Queso barra;https://www.gadisline.com/listado-de-productos/?idListProd=141410;0;05/11/2019 01:51:54
Quesos;Queso sandwich;Lonchas fundido;https://www.gadisline.com/listado-de-productos/?idListProd=141411;0;05/11/2019 01:51:54
Quesos;Queso gallego;Queso gallego corte;https://www.gadisline.com/listado-de-productos/?idListProd=141510;0;05/11/2019 01:51:54
Quesos;Queso gallego;Queso gallego pieza;https://www.gadisline.com/listado-de-productos/?idListProd=141511;0;05/11/2019 01:51:54
Quesos;Queso fresco;Queso fresco corte;https://www.gadisline.com/listado-de-productos/?idListProd=141610;0;05/11/2019 01:51:54
Quesos;Queso fresco;Queso fresco tarrina;https://www.gadisline.com/listado-de-productos/?idListProd=141611;0;05/11/2019 01:51:54
Quesos;Queso importación;Queso brie corte;https://www.gadisline.com/listado-de-productos/?idListProd=141710;0;05/11/2019 01:51:54
Quesos;Queso importación;Queso azul corte;https://www.gadisline.com/listado-de-productos/?idListProd=141711;0;05/11/2019 01:51:54
Quesos;Queso importación;Queso enmental corte;https://www.gadisline.com/listado-de-productos/?idListProd=141712;0;05/11/2019 01:51:54
Quesos;Queso importación;Queso gouda corte;https://www.gadisline.com/listado-de-productos/?idListProd=141713;0;05/11/2019 01:51:54
Quesos;Queso importación;Resto importación corte;https://www.gadisline.com/listado-de-productos/?idListProd=141714;0;05/11/2019 01:51:54
Quesos;Queso importación;Queso francia autoservicio;https://www.gadisline.com/listado-de-productos/?idListProd=141715;0;05/11/2019 01:51:54
Quesos;Queso importación;Queso italia pieza;https://www.gadisline.com/listado-de-productos/?idListProd=141716;0;05/11/2019 01:51:54
Quesos;Queso importación;Resto importación;https://www.gadisline.com/listado-de-productos/?idListProd=141717;0;05/11/2019 01:51:54
Quesos;Queso porciones / rallado;Queso porciones;https://www.gadisline.com/listado-de-productos/?idListProd=141810;0;05/11/2019 01:51:54
Quesos;Queso porciones / rallado;Queso rallado;https://www.gadisline.com/listado-de-productos/?idListProd=141811;0;05/11/2019 01:51:54
Quesos;Requesón;Requesón tarrina;https://www.gadisline.com/listado-de-productos/?idListProd=141911;0;05/11/2019 01:51:54
Quesos;Queso regional;Queso regional autoservicio;https://www.gadisline.com/listado-de-productos/?idListProd=142010;0;05/11/2019 01:51:54
Panadería;Panadería tradicional;Panadería tradicional;https://www.gadisline.com/listado-de-productos/?idListProd=161010;23;09/11/2019 19:33:51
Panadería;Panadería industrial;Pan molde;https://www.gadisline.com/listado-de-productos/?idListProd=161110;38;09/11/2019 19:34:05
Panadería;Panadería industrial;Panecillos / bollos;https://www.gadisline.com/listado-de-productos/?idListProd=161111;18;09/11/2019 19:34:14
Panadería;Panadería industrial;Pan tostado y biscottes;https://www.gadisline.com/listado-de-productos/?idListProd=161112;24;09/11/2019 19:34:23
Panadería;Panadería industrial;Minibiscottes / tostas;https://www.gadisline.com/listado-de-productos/?idListProd=161113;17;09/11/2019 19:34:32
Panadería;Panadería industrial;Colines / picatostes;https://www.gadisline.com/listado-de-productos/?idListProd=161114;29;09/11/2019 19:34:45
Congelados;Pescado;Merluza;https://www.gadisline.com/listado-de-productos/?idListProd=202101;0;05/11/2019 01:51:55
Congelados;Pescado;Otros pescados;https://www.gadisline.com/listado-de-productos/?idListProd=202102;0;05/11/2019 01:51:55
Congelados;Marisco / cefalópodos;Crustáceos;https://www.gadisline.com/listado-de-productos/?idListProd=202201;0;05/11/2019 01:51:55
Congelados;Marisco / cefalópodos;Moluscos / cefalópodos;https://www.gadisline.com/listado-de-productos/?idListProd=202202;0;05/11/2019 01:51:55
Congelados;Marisco / cefalópodos;Preparado paella;https://www.gadisline.com/listado-de-productos/?idListProd=202203;0;05/11/2019 01:51:55
Congelados;Marisco / cefalópodos;Surimi / tronquitos;https://www.gadisline.com/listado-de-productos/?idListProd=202204;0;05/11/2019 01:51:55
Congelados;Hortalizas / verduras;Judias / guisantes;https://www.gadisline.com/listado-de-productos/?idListProd=202301;0;05/11/2019 01:51:55
Congelados;Hortalizas / verduras;Ensaladilla / menestra;https://www.gadisline.com/listado-de-productos/?idListProd=202302;0;05/11/2019 01:51:55
Congelados;Hortalizas / verduras;Espinacas;https://www.gadisline.com/listado-de-productos/?idListProd=202303;0;05/11/2019 01:51:55
Congelados;Hortalizas / verduras;Otras verduras / hortalizas;https://www.gadisline.com/listado-de-productos/?idListProd=202304;0;05/11/2019 01:51:55
Congelados;Preparados / precocinados;Pescado preparado;https://www.gadisline.com/listado-de-productos/?idListProd=202401;0;05/11/2019 01:51:55
Congelados;Preparados / precocinados;Pizzas;https://www.gadisline.com/listado-de-productos/?idListProd=202402;0;05/11/2019 01:51:55
Congelados;Preparados / precocinados;Arroz / pasta;https://www.gadisline.com/listado-de-productos/?idListProd=202403;0;05/11/2019 01:51:55
Congelados;Preparados / precocinados;Cárnicos;https://www.gadisline.com/listado-de-productos/?idListProd=202404;0;05/11/2019 01:51:55
Congelados;Preparados / precocinados;Croquetas;https://www.gadisline.com/listado-de-productos/?idListProd=202405;0;05/11/2019 01:51:55
Congelados;Preparados / precocinados;Empanadillas;https://www.gadisline.com/listado-de-productos/?idListProd=202406;0;05/11/2019 01:51:55
Congelados;Preparados / precocinados;Hortal / verdu.preparadas;https://www.gadisline.com/listado-de-productos/?idListProd=202407;0;05/11/2019 01:51:55
Congelados;Preparados / precocinados;Bases / churros / masas;https://www.gadisline.com/listado-de-productos/?idListProd=202408;0;05/11/2019 01:51:55
Congelados;Helados / hielo;Bloques / tarrinas;https://www.gadisline.com/listado-de-productos/?idListProd=202501;0;05/11/2019 01:51:55
Congelados;Helados / hielo;Tartas;https://www.gadisline.com/listado-de-productos/?idListProd=202502;0;05/11/2019 01:51:55
Congelados;Helados / hielo;Otros helados;https://www.gadisline.com/listado-de-productos/?idListProd=202503;0;05/11/2019 01:51:55
Congelados;Helados / hielo;Hielo;https://www.gadisline.com/listado-de-productos/?idListProd=202504;0;05/11/2019 01:51:55
Droguería;Limpieza ropa;Detergente lavadora maleta;https://www.gadisline.com/listado-de-productos/?idListProd=251010;0;05/11/2019 01:51:55
Droguería;Limpieza ropa;Detergente lavadora paq.;https://www.gadisline.com/listado-de-productos/?idListProd=251011;0;05/11/2019 01:51:55
Droguería;Limpieza ropa;Detergente lavadora líquido;https://www.gadisline.com/listado-de-productos/?idListProd=251012;0;05/11/2019 01:51:55
Droguería;Limpieza ropa;Detergente lavadora pastillas;https://www.gadisline.com/listado-de-productos/?idListProd=251013;0;05/11/2019 01:51:55
Droguería;Limpieza ropa;Jabón ropa a mano;https://www.gadisline.com/listado-de-productos/?idListProd=251014;0;05/11/2019 01:51:55
Droguería;Limpieza ropa;Detergente a mano paquete;https://www.gadisline.com/listado-de-productos/?idListProd=251015;0;05/11/2019 01:51:55
Droguería;Limpieza ropa;Prendas delicadas líquido;https://www.gadisline.com/listado-de-productos/?idListProd=251016;0;05/11/2019 01:51:56
Droguería;Limpieza ropa;Suavizantes normales;https://www.gadisline.com/listado-de-productos/?idListProd=251018;0;05/11/2019 01:51:56
Droguería;Limpieza ropa;Suavizantes concentrados;https://www.gadisline.com/listado-de-productos/?idListProd=251019;0;05/11/2019 01:51:56
Droguería;Limpieza ropa;Blanqueadores/aditivos/tintes ropa;https://www.gadisline.com/listado-de-productos/?idListProd=251020;0;05/11/2019 01:51:56
Droguería;Limpieza ropa;Quitamanchas ropa;https://www.gadisline.com/listado-de-productos/?idListProd=251021;0;05/11/2019 01:51:56
Droguería;Limpieza ropa;Apresto / agua plancha;https://www.gadisline.com/listado-de-productos/?idListProd=251026;0;05/11/2019 01:51:56
Droguería;Limpieza ropa;Antical lavadoras;https://www.gadisline.com/listado-de-productos/?idListProd=251027;0;05/11/2019 01:51:56
Droguería;Limpieza vajillas;Lavavajillas máquina;https://www.gadisline.com/listado-de-productos/?idListProd=251110;0;05/11/2019 01:51:56
Droguería;Limpieza vajillas;Lavavajillas a mano;https://www.gadisline.com/listado-de-productos/?idListProd=251111;0;05/11/2019 01:51:56
Droguería;Limpieza vajillas;Sal / abrillantador;https://www.gadisline.com/listado-de-productos/?idListProd=251112;0;05/11/2019 01:51:56
Droguería;Limpieza vajillas;Antical vajillas;https://www.gadisline.com/listado-de-productos/?idListProd=251118;0;05/11/2019 01:51:56
Droguería;Limpiahogar;Limpiahogar líquido;https://www.gadisline.com/listado-de-productos/?idListProd=251210;0;05/11/2019 01:51:56
Droguería;Limpiahogar;Limpia muebles / atrapapolvo spray;https://www.gadisline.com/listado-de-productos/?idListProd=251211;0;05/11/2019 01:51:56
Droguería;Limpiahogar;Limpia-vitrocerámicas;https://www.gadisline.com/listado-de-productos/?idListProd=251212;0;05/11/2019 01:51:56
Droguería;Limpiahogar;Ceras;https://www.gadisline.com/listado-de-productos/?idListProd=251213;0;05/11/2019 01:51:56
Droguería;Limpiahogar;Limpiahornos / grasa;https://www.gadisline.com/listado-de-productos/?idListProd=251214;0;05/11/2019 01:51:56
Droguería;Limpiahogar;Limpiacristales y multiusos;https://www.gadisline.com/listado-de-productos/?idListProd=251215;0;05/11/2019 01:51:56
Droguería;Limpiahogar;Limpia baños y sanitarios;https://www.gadisline.com/listado-de-productos/?idListProd=251216;0;05/11/2019 01:51:56
Droguería;Limpiahogar;Limpia maderas / metales;https://www.gadisline.com/listado-de-productos/?idListProd=251217;0;05/11/2019 01:51:56
Droguería;Limpiahogar;Limpia-alfombras / tapicería;https://www.gadisline.com/listado-de-productos/?idListProd=251218;0;05/11/2019 01:51:56
Droguería;Limpiahogar;Desatascadores;https://www.gadisline.com/listado-de-productos/?idListProd=251219;0;05/11/2019 01:51:56
Droguería;Limpiahogar;Desinfectantes y líquidos fuertes;https://www.gadisline.com/listado-de-productos/?idListProd=251220;0;05/11/2019 01:51:56
Droguería;Limpiahogar;Varios limpiahogar;https://www.gadisline.com/listado-de-productos/?idListProd=251221;0;05/11/2019 01:51:56
Droguería;Lejías;Lejia normal;https://www.gadisline.com/listado-de-productos/?idListProd=251310;0;05/11/2019 01:51:56
Droguería;Lejías;Lejia lavadora;https://www.gadisline.com/listado-de-productos/?idListProd=251311;0;05/11/2019 01:51:56
Droguería;Lejías;Lejia perfume / detergente;https://www.gadisline.com/listado-de-productos/?idListProd=251312;6;11/11/2019 01:37:57
Droguería;Limpieza calzado;Limpieza calzado;https://www.gadisline.com/listado-de-productos/?idListProd=251410;0;05/11/2019 01:51:56
Droguería;Accesorios limpieza;Cepillos / escobas / mangos / recogedores;https://www.gadisline.com/listado-de-productos/?idListProd=251510;0;05/11/2019 01:51:56
Droguería;Accesorios limpieza;Mopas / fregonas / cubos;https://www.gadisline.com/listado-de-productos/?idListProd=251511;0;05/11/2019 01:51:56
Droguería;Accesorios limpieza;Bayetas/gamuzas/plumeros/estropajos;https://www.gadisline.com/listado-de-productos/?idListProd=251512;0;05/11/2019 01:51:56
Droguería;Accesorios limpieza;Pinzas ropa;https://www.gadisline.com/listado-de-productos/?idListProd=251513;0;05/11/2019 01:51:56
Droguería;Accesorios limpieza;Guantes limpieza/trabajo;https://www.gadisline.com/listado-de-productos/?idListProd=251514;0;05/11/2019 01:51:57
Droguería;Bolsas basura;Bolsas basura;https://www.gadisline.com/listado-de-productos/?idListProd=252010;0;05/11/2019 01:51:57
Droguería;Conservación alimentos;Papel aluminio;https://www.gadisline.com/listado-de-productos/?idListProd=251612;0;05/11/2019 01:51:57
Droguería;Conservación alimentos;Papel plástico;https://www.gadisline.com/listado-de-productos/?idListProd=251613;0;05/11/2019 01:51:57
Droguería;Conservación alimentos;Bolsas film;https://www.gadisline.com/listado-de-productos/?idListProd=251614;0;05/11/2019 01:51:57
Droguería;Conservación alimentos;Bolsas isotérmicas;https://www.gadisline.com/listado-de-productos/?idListProd=251615;0;05/11/2019 01:51:57
Droguería;Ambientadores;Ambientadores eléctricos;https://www.gadisline.com/listado-de-productos/?idListProd=251710;0;05/11/2019 01:51:57
Droguería;Ambientadores;Ambientadores continuos;https://www.gadisline.com/listado-de-productos/?idListProd=251711;0;05/11/2019 01:51:57
Droguería;Ambientadores;Ambientadores instántaneos;https://www.gadisline.com/listado-de-productos/?idListProd=251712;0;05/11/2019 01:51:57
Droguería;Ambientadores;Velas aromáticas y decorativas;https://www.gadisline.com/listado-de-productos/?idListProd=251715;0;05/11/2019 01:51:57
Droguería;Insecticidas;Antipolillas;https://www.gadisline.com/listado-de-productos/?idListProd=251810;0;05/11/2019 01:51:57
Droguería;Insecticidas;Insecticidas eléctricos;https://www.gadisline.com/listado-de-productos/?idListProd=251811;0;05/11/2019 01:51:57
Droguería;Insecticidas;Insecticidas cucarachas;https://www.gadisline.com/listado-de-productos/?idListProd=251812;0;05/11/2019 01:51:57
Droguería;Insecticidas;Insecticidas voladores;https://www.gadisline.com/listado-de-productos/?idListProd=251813;0;05/11/2019 01:51:57
Droguería;Insecticidas;Insecticidas hogar / plantas;https://www.gadisline.com/listado-de-productos/?idListProd=251814;0;05/11/2019 01:51:57
Droguería;Insecticidas;Varios insecticidas;https://www.gadisline.com/listado-de-productos/?idListProd=251815;0;05/11/2019 01:51:57
Droguería;Celulosa;Servilletas;https://www.gadisline.com/listado-de-productos/?idListProd=251910;0;05/11/2019 01:51:57
Droguería;Celulosa;Rollos cocina;https://www.gadisline.com/listado-de-productos/?idListProd=251911;0;05/11/2019 01:51:57
Droguería;Celulosa;Papel higiénico;https://www.gadisline.com/listado-de-productos/?idListProd=251912;0;05/11/2019 01:51:57
Perfumería / higiene;Productos baño / aseo;Jabón tocador;https://www.gadisline.com/listado-de-productos/?idListProd=241010;0;05/11/2019 01:51:57
Perfumería / higiene;Productos baño / aseo;Jabón baño;https://www.gadisline.com/listado-de-productos/?idListProd=241011;0;05/11/2019 01:51:57
Perfumería / higiene;Productos baño / aseo;Gel baño;https://www.gadisline.com/listado-de-productos/?idListProd=241012;0;05/11/2019 01:51:57
Perfumería / higiene;Productos baño / aseo;Esponjas / friccionadores / manoplas;https://www.gadisline.com/listado-de-productos/?idListProd=241013;0;05/11/2019 01:51:57
Perfumería / higiene;Productos capilares;Champú familiar;https://www.gadisline.com/listado-de-productos/?idListProd=241110;0;05/11/2019 01:51:57
Perfumería / higiene;Productos capilares;Champú anticaspa;https://www.gadisline.com/listado-de-productos/?idListProd=241111;0;05/11/2019 01:51:57
Perfumería / higiene;Productos capilares;Champú cosmético;https://www.gadisline.com/listado-de-productos/?idListProd=241112;0;05/11/2019 01:51:57
Perfumería / higiene;Productos capilares;Crema / acondicionador;https://www.gadisline.com/listado-de-productos/?idListProd=241113;0;05/11/2019 01:51:58
Perfumería / higiene;Productos capilares;Espuma moldeadora;https://www.gadisline.com/listado-de-productos/?idListProd=241114;0;05/11/2019 01:51:58
Perfumería / higiene;Productos capilares;Gomina / gel fijador;https://www.gadisline.com/listado-de-productos/?idListProd=241115;0;05/11/2019 01:51:58
Perfumería / higiene;Productos capilares;Laca;https://www.gadisline.com/listado-de-productos/?idListProd=241116;0;05/11/2019 01:51:58
Perfumería / higiene;Productos capilares;Loción capilar;https://www.gadisline.com/listado-de-productos/?idListProd=241117;0;05/11/2019 01:51:58
Perfumería / higiene;Productos capilares;Crema colorante / tinte;https://www.gadisline.com/listado-de-productos/?idListProd=241118;0;05/11/2019 01:51:58
Perfumería / higiene;Productos capilares;Varios capilares;https://www.gadisline.com/listado-de-productos/?idListProd=241120;0;05/11/2019 01:51:58
Perfumería / higiene;Higiene dental;Dentífrico pasta;https://www.gadisline.com/listado-de-productos/?idListProd=241210;0;05/11/2019 01:51:58
Perfumería / higiene;Higiene dental;Dentífrico blanqueante;https://www.gadisline.com/listado-de-productos/?idListProd=241211;0;05/11/2019 01:51:58
Perfumería / higiene;Higiene dental;Dentífrico encias y dientes sensibles;https://www.gadisline.com/listado-de-productos/?idListProd=241212;0;05/11/2019 01:51:58
Perfumería / higiene;Higiene dental;Dentifrico accion global;https://www.gadisline.com/listado-de-productos/?idListProd=241213;0;05/11/2019 01:51:58
Perfumería / higiene;Higiene dental;Cepillos dentales;https://www.gadisline.com/listado-de-productos/?idListProd=241214;0;05/11/2019 01:51:58
Perfumería / higiene;Higiene dental;Elixir / resto higiene dental;https://www.gadisline.com/listado-de-productos/?idListProd=241215;0;05/11/2019 01:51:58
Perfumería / higiene;Aseo afeitado;Crema / gel afeitar;https://www.gadisline.com/listado-de-productos/?idListProd=241310;0;05/11/2019 01:51:58
Perfumería / higiene;Aseo afeitado;Espuma afeitar;https://www.gadisline.com/listado-de-productos/?idListProd=241311;0;05/11/2019 01:51:58
Perfumería / higiene;Aseo afeitado;Cargador cabezal fijo;https://www.gadisline.com/listado-de-productos/?idListProd=241312;0;05/11/2019 01:51:58
Perfumería / higiene;Aseo afeitado;Cargador cabezal basculant.;https://www.gadisline.com/listado-de-productos/?idListProd=241313;0;05/11/2019 01:51:58
Perfumería / higiene;Aseo afeitado;Maquinillas desechables 1 h;https://www.gadisline.com/listado-de-productos/?idListProd=241320;0;05/11/2019 01:51:58
Perfumería / higiene;Aseo afeitado;Maquinillas desechables 2 h;https://www.gadisline.com/listado-de-productos/?idListProd=241314;0;05/11/2019 01:51:58
Perfumería / higiene;Aseo afeitado;Maquinillas desechables 3 h;https://www.gadisline.com/listado-de-productos/?idListProd=241319;0;05/11/2019 01:51:58
Perfumería / higiene;Aseo afeitado;Máquinas de afeitar;https://www.gadisline.com/listado-de-productos/?idListProd=241315;0;05/11/2019 01:51:58
Perfumería / higiene;Aseo afeitado;Cremas / after shave;https://www.gadisline.com/listado-de-productos/?idListProd=241317;0;05/11/2019 01:51:58
Perfumería / higiene;Aseo afeitado;Hojas afeitar;https://www.gadisline.com/listado-de-productos/?idListProd=241316;0;05/11/2019 01:51:58
Perfumería / higiene;Aseo afeitado;Maqui / cargador / gel mujer;https://www.gadisline.com/listado-de-productos/?idListProd=241323;0;05/11/2019 01:51:58
Perfumería / higiene;Aseo afeitado;Varios afeitado;https://www.gadisline.com/listado-de-productos/?idListProd=241324;0;05/11/2019 01:51:58
Perfumería / higiene;Desodorantes;Desodorante barra;https://www.gadisline.com/listado-de-productos/?idListProd=241410;0;05/11/2019 01:51:58
Perfumería / higiene;Desodorantes;Desodorante crema;https://www.gadisline.com/listado-de-productos/?idListProd=241411;0;05/11/2019 01:51:58
Perfumería / higiene;Desodorantes;Desodorante spray;https://www.gadisline.com/listado-de-productos/?idListProd=241412;0;05/11/2019 01:51:58
Perfumería / higiene;Desodorantes;Desodorante roll on;https://www.gadisline.com/listado-de-productos/?idListProd=241413;0;05/11/2019 01:51:58
Perfumería / higiene;Productos belleza;Crema hidratante;https://www.gadisline.com/listado-de-productos/?idListProd=241510;0;05/11/2019 01:51:58
Perfumería / higiene;Productos belleza;Crema nutritiva;https://www.gadisline.com/listado-de-productos/?idListProd=241511;0;05/11/2019 01:51:58
Perfumería / higiene;Productos belleza;Crema multifunción;https://www.gadisline.com/listado-de-productos/?idListProd=241512;0;05/11/2019 01:51:59
Perfumería / higiene;Productos belleza;Crema antiarrugas;https://www.gadisline.com/listado-de-productos/?idListProd=241513;0;05/11/2019 01:51:59
Perfumería / higiene;Productos belleza;Cremas belleza piel madura;https://www.gadisline.com/listado-de-productos/?idListProd=241522;0;05/11/2019 01:51:59
Perfumería / higiene;Productos belleza;Cremas contorno ojos;https://www.gadisline.com/listado-de-productos/?idListProd=241523;0;05/11/2019 01:51:59
Perfumería / higiene;Productos belleza;Toallitas desmaquilladoras;https://www.gadisline.com/listado-de-productos/?idListProd=241515;0;05/11/2019 01:51:59
Perfumería / higiene;Productos belleza;Leches / tónicos;https://www.gadisline.com/listado-de-productos/?idListProd=241514;0;05/11/2019 01:51:59
Perfumería / higiene;Productos belleza;Loción corporal;https://www.gadisline.com/listado-de-productos/?idListProd=241517;0;05/11/2019 01:51:59
Perfumería / higiene;Productos belleza;Mascarillas / exfoliantes;https://www.gadisline.com/listado-de-productos/?idListProd=241524;0;05/11/2019 01:51:59
Perfumería / higiene;Productos belleza;Cosmética masculina;https://www.gadisline.com/listado-de-productos/?idListProd=241525;0;05/11/2019 01:51:59
Perfumería / higiene;Productos belleza;Crema manos y cuerpo;https://www.gadisline.com/listado-de-productos/?idListProd=241519;0;05/11/2019 01:51:59
Perfumería / higiene;Productos belleza;Cosmética uñas;https://www.gadisline.com/listado-de-productos/?idListProd=241520;0;05/11/2019 01:51:59
Perfumería / higiene;Productos belleza;Maquillajes;https://www.gadisline.com/listado-de-productos/?idListProd=241527;0;05/11/2019 01:51:59
Perfumería / higiene;Productos belleza;Depilatorios;https://www.gadisline.com/listado-de-productos/?idListProd=241518;0;05/11/2019 01:51:59
Perfumería / higiene;Productos belleza;Varios de belleza;https://www.gadisline.com/listado-de-productos/?idListProd=241526;0;05/11/2019 01:51:59
Perfumería / higiene;Accesorios belleza;Peines / cepillos;https://www.gadisline.com/listado-de-productos/?idListProd=241610;0;05/11/2019 01:51:59
Perfumería / higiene;Accesorios belleza;Resto accesorios;https://www.gadisline.com/listado-de-productos/?idListProd=241611;0;05/11/2019 01:51:59
Perfumería / higiene;Colonias;Colonia familiar;https://www.gadisline.com/listado-de-productos/?idListProd=241710;0;05/11/2019 01:51:59
Perfumería / higiene;Colonias;Colonia femenina;https://www.gadisline.com/listado-de-productos/?idListProd=241712;0;05/11/2019 01:51:59
Perfumería / higiene;Colonias;Colonia masculina;https://www.gadisline.com/listado-de-productos/?idListProd=241713;0;05/11/2019 01:51:59
Perfumería / higiene;Higiene femenina;Gel íntimo/toallitas higiene;https://www.gadisline.com/listado-de-productos/?idListProd=241810;0;05/11/2019 01:51:59
Perfumería / higiene;Higiene femenina;Compresas;https://www.gadisline.com/listado-de-productos/?idListProd=241811;0;05/11/2019 01:51:59
Perfumería / higiene;Higiene femenina;Tampones;https://www.gadisline.com/listado-de-productos/?idListProd=241812;0;05/11/2019 01:51:59
Perfumería / higiene;Higiene femenina;Salva slip;https://www.gadisline.com/listado-de-productos/?idListProd=241813;0;05/11/2019 01:51:59
Perfumería / higiene;Higiene femenina;Celulosa incontinencia;https://www.gadisline.com/listado-de-productos/?idListProd=241815;0;05/11/2019 01:51:59
Perfumería / higiene;Pañuelos / tissues;Pañuelos / tissues;https://www.gadisline.com/listado-de-productos/?idListProd=241910;0;05/11/2019 01:51:59
Perfumería / higiene;Parafarmacia;Algodón;https://www.gadisline.com/listado-de-productos/?idListProd=242010;0;05/11/2019 01:51:59
Perfumería / higiene;Parafarmacia;Esparadrapo / tiritas;https://www.gadisline.com/listado-de-productos/?idListProd=242011;0;05/11/2019 01:51:59
Perfumería / higiene;Parafarmacia;Agua oxigenada / alcohol;https://www.gadisline.com/listado-de-productos/?idListProd=242012;0;05/11/2019 01:51:59
Perfumería / higiene;Parafarmacia;Profilácticos;https://www.gadisline.com/listado-de-productos/?idListProd=242013;0;05/11/2019 01:51:59
Perfumería / higiene;Parafarmacia;Cuidado pies;https://www.gadisline.com/listado-de-productos/?idListProd=242015;0;05/11/2019 01:51:59
Perfumería / higiene;Parafarmacia;Varios parafarmacia;https://www.gadisline.com/listado-de-productos/?idListProd=242014;0;05/11/2019 01:51:59
Perfumería / higiene;Parafarmacia;Esponjas enjabonadas;https://www.gadisline.com/listado-de-productos/?idListProd=242016;0;05/11/2019 01:52:00
Perfumería / higiene;Bronceadores;Bronceadores;https://www.gadisline.com/listado-de-productos/?idListProd=242110;0;05/11/2019 01:52:00
Bazar;Bombillas;Bombillas led;https://www.gadisline.com/listado-de-productos/?idListProd=261012;16;06/11/2019 14:51:46
Bazar;Bombillas;Bombilla ahorro energía;https://www.gadisline.com/listado-de-productos/?idListProd=261013;10;06/11/2019 14:51:54
Bazar;Pilas;Pilas carbono;https://www.gadisline.com/listado-de-productos/?idListProd=261110;1;06/11/2019 14:52:00
Bazar;Pilas;Pilas alcalinas;https://www.gadisline.com/listado-de-productos/?idListProd=261111;17;06/11/2019 14:52:09
Bazar;Papelería;Papelería;https://www.gadisline.com/listado-de-productos/?idListProd=261310;27;06/11/2019 14:52:21
Bazar;Ferretería/jardinería;Ferretería/jardinería;https://www.gadisline.com/listado-de-productos/?idListProd=261410;11;06/11/2019 14:52:29
Bazar;Otros bazar;Desechables;https://www.gadisline.com/listado-de-productos/?idListProd=261212;28;06/11/2019 14:52:42
Bazar;Otros bazar;Filtros;https://www.gadisline.com/listado-de-productos/?idListProd=261213;4;06/11/2019 14:52:49
Bazar;Otros bazar;Carbón/pastillas/fosforos;https://www.gadisline.com/listado-de-productos/?idListProd=261216;11;06/11/2019 14:52:57
Bazar;Otros bazar;Bolsas;https://www.gadisline.com/listado-de-productos/?idListProd=261217;7;06/11/2019 14:53:04
Bazar;Textil;Calcetines/medias;https://www.gadisline.com/listado-de-productos/?idListProd=261510;6;06/11/2019 14:53:11
Mascotas;Perros;Comida seca perros;https://www.gadisline.com/listado-de-productos/?idListProd=271010;0;05/11/2019 01:52:00
Mascotas;Perros;Comida húmeda perros;https://www.gadisline.com/listado-de-productos/?idListProd=271011;0;05/11/2019 01:52:00
Mascotas;Gatos;Comida seca gatos;https://www.gadisline.com/listado-de-productos/?idListProd=271110;0;05/11/2019 01:52:00
Mascotas;Gatos;Comida húmeda gatos;https://www.gadisline.com/listado-de-productos/?idListProd=271111;0;05/11/2019 01:52:00
Mascotas;Otras mascotas;Pájaros;https://www.gadisline.com/listado-de-productos/?idListProd=271210;0;05/11/2019 01:52:00
Mascotas;Otras mascotas;Otras mascotas;https://www.gadisline.com/listado-de-productos/?idListProd=271211;0;05/11/2019 01:52:00
Mascotas;Accesorios animales;Arena gatos;https://www.gadisline.com/listado-de-productos/?idListProd=271310;0;05/11/2019 01:52:00
Mascotas;Accesorios animales;Accesorios perros;https://www.gadisline.com/listado-de-productos/?idListProd=271311;0;05/11/2019 01:52:00
